"","mean","sd"
"k = 2",124681.699747151,5885.10223813783
"k = 5",119218.045541773,2854.37819849395
"k = 10",118356.555254635,2075.60882967277
